{
  "GN0100": "발라드",
  "GN0101": "세부장르전체",
  "GN0102": "'80",
  "GN0103": "'90",
  "GN0104": "'00",
  "GN0105": "'10-",
  "GN0200": "댄스",
  "GN0201": "세부장르전체",
  "GN0202": "'80",
  "GN0203": "'90",
  "GN0204": "'00",
  "GN0205": "'10-",
  "GN0300": "랩/힙합",
  "GN0301": "세부장르전체",
  "GN0302": "랩 스타일",
  "GN0303": "보컬 스타일",
  "GN0304": "언더그라운드 힙합",
  "GN0305": "시대별",
  "GN0400": "R&B/Soul",
  "GN0401": "세부장르전체",
  "GN0402": "어반",
  "GN0403": "R&B",
  "GN0500": "인디음악",
  "GN0501": "세부장르전체",
  "GN0502": "포크",
  "GN0503": "록",
  "GN0504": "일렉",
  "GN0505": "힙합",
  "GN0506": "발라드",
  "GN0507": "'90",
  "GN0508": "'00",
  "GN0509": "'10-",
  "GN0600": "록/메탈",
  "GN0601": "세부장르전체",
  "GN0602": "'70",
  "GN0603": "'80",
  "GN0604": "'90",
  "GN0605": "'00",
  "GN0606": "'10-",
  "GN0700": "성인가요",
  "GN0701": "세부장르전체",
  "GN0702": "신세대트로트",
  "GN0703": "전설의트로트",
  "GN0704": "뽕짝트로트",
  "GN0705": "트로트메들리",
  "GN0706": "트로트'60-'70",
  "GN0707": "트로트'80-'90",
  "GN0708": "트로트'00-",
  "GN0709": "성인가요'80-'90",
  "GN0710": "성인가요'00-",
  "GN0800": "포크/블루스",
  "GN0801": "세부장르전체",
  "GN0802": "'60-'70",
  "GN0803": "'80-'90",
  "GN0804": "'00",
  "GN0805": "'10-",
  "GN0900": "POP",
  "GN0901": "세부장르전체",
  "GN0902": "얼터너티브팝",
  "GN0903": "올디스",
  "GN0904": "월드팝",
  "GN0905": "'60-'70",
  "GN0906": "'80-'90",
  "GN0907": "'00",
  "GN0908": "'10-",
  "GN1000": "록/메탈",
  "GN1001": "세부장르전체",
  "GN1002": "모던록",
  "GN1003": "얼터너티브록",
  "GN1004": "프로그레시브/아트록",
  "GN1005": "하드록",
  "GN1006": "헤비메탈",
  "GN1007": "뉴메탈/하드코어",
  "GN1008": "포스트록",
  "GN1009": "'60",
  "GN1010": "'70",
  "GN1011": "'80",
  "GN1012": "'90",
  "GN1013": "'00",
  "GN1014": "'10-",
  "GN1100": "일렉트로니카",
  "GN1101": "세부장르전체",
  "GN1102": "일렉트로니카",
  "GN1103": "하우스",
  "GN1104": "클럽뮤직",
  "GN1105": "일렉트로닉팝",
  "GN1106": "'80",
  "GN1107": "'90",
  "GN1108": "'00",
  "GN1109": "'10-",
  "GN1200": "랩/힙합",
  "GN1201": "세부장르전체",
  "GN1202": "팝랩",
  "GN1203": "얼터너티브힙합",
  "GN1204": "갱스터/하드코어랩",
  "GN1205": "East&West",
  "GN1206": "'80",
  "GN1207": "'90",
  "GN1208": "'00",
  "GN1209": "'10-",
  "GN1300": "R&B/Soul",
  "GN1301": "세부장르전체",
  "GN1302": "컨템포러리 R&B",
  "GN1303": "소울",
  "GN1304": "어반",
  "GN1305": "'60-'70",
  "GN1306": "'80-'90",
  "GN1307": "'00",
  "GN1308": "'10-",
  "GN1400": "포크/블루스/컨트리",
  "GN1401": "세부장르전체",
  "GN1402": "포크",
  "GN1403": "블루스",
  "GN1404": "컨트리",
  "GN1405": "'60-'70",
  "GN1406": "'80-'90",
  "GN1407": "'00-",
  "GN1500": "OST",
  "GN1501": "세부장르전체",
  "GN1502": "국내영화",
  "GN1503": "국외영화",
  "GN1504": "국내드라마",
  "GN1505": "국외드라마",
  "GN1506": "애니메이션/게임",
  "GN1507": "국내뮤지컬",
  "GN1508": "국외뮤지컬",
  "GN1509": "애니메이션/웹툰",
  "GN1510": "게임",
  "GN1600": "클래식",
  "GN1601": "세부장르전체",
  "GN1602": "관현악",
  "GN1603": "교향곡",
  "GN1604": "실내악",
  "GN1605": "협주곡",
  "GN1606": "독주곡",
  "GN1607": "오페라",
  "GN1608": "크로스오버",
  "GN1609": "현대음악",
  "GN1610": "성악/합창곡",
  "GN1611": "발레/무용",
  "GN1612": "지휘/연주자",
  "GN1613": "컴필레이션",
  "GN1614": "교향/관현악",
  "GN1615": "오페라/성악",
  "GN1700": "재즈",
  "GN1701": "세부장르전체",
  "GN1702": "보컬재즈",
  "GN1703": "애시드/퓨전/팝",
  "GN1704": "Bop",
  "GN1705": "보사노바",
  "GN1706": "J-Jazz",
  "GN1707": "라틴재즈",
  "GN1708": "빅밴드/스윙",
  "GN1709": "악기별",
  "GN1710": "컴필레이션",
  "GN1800": "뉴에이지",
  "GN1801": "세부장르전체",
  "GN1802": "이지리스닝",
  "GN1803": "J-Newage",
  "GN1804": "기능성음악",
  "GN1805": "기타",
  "GN1806": "피아노",
  "GN1807": "컴필레이션",
  "GN1900": "J-POP",
  "GN1901": "세부장르전체",
  "GN1902": "POP",
  "GN1903": "록",
  "GN1904": "일렉트로니카",
  "GN1905": "랩/힙합",
  "GN1906": "R&B/Soul",
  "GN1907": "시부야케이",
  "GN1908": "뉴에이지",
  "GN1909": "재즈",
  "GN1910": "힙합/R&B",
  "GN1911": "'80-'90",
  "GN1912": "'00-'10",
  "GN2000": "월드뮤직",
  "GN2001": "세부장르전체",
  "GN2002": "샹송/프렌치팝",
  "GN2003": "칸초네/이탈리안팝",
  "GN2004": "중국음악",
  "GN2005": "켈틱/아이리시",
  "GN2006": "브라질",
  "GN2007": "탱고/플라멩코",
  "GN2008": "라틴",
  "GN2009": "레게",
  "GN2010": "파두",
  "GN2100": "CCM",
  "GN2101": "세부장르전체",
  "GN2102": "국내CCM",
  "GN2103": "국외CCM",
  "GN2104": "워십",
  "GN2105": "찬송가",
  "GN2106": "성가",
  "GN2107": "연주곡",
  "GN2108": "어린이",
  "GN2109": "성경",
  "GN2110": "NEW",
  "GN2200": "어린이/태교",
  "GN2201": "유아동요",
  "GN2202": "창작동요",
  "GN2203": "영어동요",
  "GN2204": "영어동요",
  "GN2205": "영어동요",
  "GN2206": "영어동화",
  "GN2207": "만화",
  "GN2208": "자장가",
  "GN2209": "태교동화",
  "GN2210": "태교",
  "GN2211": "릴렉싱&힐링",
  "GN2212": "명작동화",
  "GN2213": "교과서동요",
  "GN2214": "전래동요",
  "GN2215": "창작동화",
  "GN2216": "어린이클래식",
  "GN2300": "종교음악",
  "GN2301": "가톨릭",
  "GN2302": "불교",
  "GN2400": "국악",
  "GN2401": "세부장르전체",
  "GN2402": "크로스오버",
  "GN2403": "국악가요",
  "GN2404": "민요",
  "GN2405": "판소리/단가",
  "GN2406": "풍물/사물놀이",
  "GN2500": "아이돌",
  "GN2501": "세부장르전체",
  "GN2502": "남자 아이돌",
  "GN2503": "여자 아이돌",
  "GN2504": "랩/힙합",
  "GN2505": "발라드",
  "GN2506": "댄스",
  "GN2600": "일렉트로니카",
  "GN2601": "세부장르전체",
  "GN2602": "댄스 스타일",
  "GN2603": "팝 스타일",
  "GN2604": "시대별",
  "GN2700": "EDM",
  "GN2701": "세부장르전체",
  "GN2702": "하우스",
  "GN2703": "클럽",
  "GN2704": "DJ",
  "GN2800": "뮤직테라피",
  "GN2801": "세부장르전체",
  "GN2802": "ASMR/자연",
  "GN2803": "힐링/명상/요가",
  "GN2804": "집중력",
  "GN2805": "숙면유도",
  "GN2806": "반려동물",
  "GN2900": "뮤지컬",
  "GN2901": "세부장르전체",
  "GN2902": "국내뮤지컬",
  "GN2903": "국외뮤지컬",
  "GN3000": "크리스마스"
}
